Trt,Depth_text,BD,Porosity,Ks,K100,FC,FC100,WP,PAW,PAW100
ST-NO,0 - 5 cm,0.1462399832826898,0.2615742807585429,0.02841946458910309,0.9106034912907308,0.39903518414219774,0.2888912293238323,0.9933437742331548,0.769927298245259,0.6588892369327479
ST-NO,20 - 25 cm,0.14216881150924884,0.0238567944022221,0.015165912700623554,0.887566202156207,0.695423212372936,0.35027642175751506,0.4741405359711368,0.8505963266349397,0.39814997016201065
ST-CC,0 - 5 cm,0.6657838337658573,0.6889364373223446,0.2316553880251449,0.6978575921983936,0.03394764450117062,0.40380931716485063,0.7531063214363278,0.257284672143707,0.276620958511773
ST-CC,20 - 25 cm,0.37409724234968733,0.2724531617309036,0.03998079907111573,0.7397623728275283,0.7643804219317691,0.2014555571749941,0.4866846239469596,0.2952013843475985,0.23545220606137515
NT-NO,0 - 5 cm,0.2567999628086961,0.23340748915510878,0.6647739757806033,0.7546474465464679,0.4621898059128239,0.17352461176536374,0.08702084641398353,0.8437538895364833,0.6161953109032371
NT-NO,20 - 25 cm,0.9250912824658502,0.9718770576209,0.7166650214035075,0.23415816870027528,0.490690712530836,0.3855003080520347,0.3380874903549347,0.39715151347504063,0.3908090067052885
NT-CC,0 - 5 cm,0.22822350291138704,0.061846520569577346,0.18547352977830697,0.060588374328624205,0.9957667086716857,0.8085784629579569,0.9926798029514353,0.8814241948127748,0.683505181043898
NT-CC,20 - 25 cm,0.0238567944022221,0.0238567944022221,0.4640747921486169,0.07128000811482146,0.18028565111627712,0.3529026595922978,0.46160136948139485,0.41567444725119584,0.2689605404391484
